speaker,stage,paragraph,source_file,Sound: Ja/Nein?,Lautstärkeniveau (0;1-5),Kommentar
DER ALTE MOOR,sagt begierig.,Nachrichten von meinem Sohne Karl?,schiller-die-raeuber.xml,ja,,
FRANZ,sagt  nimmt den Brief aus der Tasche,"Ihr kennt unsern Korrespondenten! Seht! Den Finger meiner rechten Hand wollt ich drum geben, dürft ich sagen, er ist ein Lügner, ein schwarzer, giftiger Lügner – – Faßt Euch! Ihr vergebt mir, wenn ich Euch den Brief nicht selbst lesen lasse – noch dörft Ihr nicht alles hören.",schiller-die-raeuber.xml,ja,,
FRANZ,sagt  liest,"»Leipzig, vom 1. Mai. – Verbände mich nicht eine unverbrüchliche Zusage, dir auch nicht das geringste zu verhehlen, was ich von den Schicksalen deines Bruders auffangen kann, liebster Freund, nimmermehr würde meine unschuldige Feder an dir zur Tyrannin geworden sein. Ich kann aus hundert Briefen von dir abnehmen, wie Nachrichten dieser Art dein brüderliches Herz durchbohren müssen, mir ists, als säh ich dich schon um den Nichtswürdigen, den Abscheulichen« – –",schiller-die-raeuber.xml,ja,,
DER ALTE MOOR,sagt  weint bitterlich,Mein Name! Mein ehrlicher Name!,schiller-die-raeuber.xml,ja,,
FRANZ,sagt  fällt ihm um den Hals,"Schändlicher, dreimal schändlicher Karl! Ahndete mirs nicht, da er, noch ein Knabe, den Mädels so nachschlenderte, mit Gassenjungen und elendem Gesindel auf Wiesen und Bergen sich herumhetzte, den Anblick der Kirche, wie ein Missetäter das Gefängnis, floh, und die Pfennige, die er Euch abquälte, dem ersten dem besten Bettler in den Hut warf, während daß wir daheim mit frommen Gebeten und heiligen Predigtbüchern uns erbauten? – Ahndete mirs nicht, da er die Abenteuer des Julius Cäsar und Alexander Magnus und anderer stockfinsterer Heiden lieber las als die Geschichte des bußfertigen Tobias? – Hundertmal hab ichs Euch geweissagt, denn meine Liebe zu ihm war immer in den Schranken der kindlichen Pflicht, – der Junge wird uns alle noch in Elend und Schande stürzen! – O daß er Moors Namen nicht trüge! daß mein Herz nicht so warm für ihn schlüge! Die gottlose Liebe, die ich nicht vertilgen kann, wird mich noch einmal vor Gottes Richterstuhl anklagen.",schiller-die-raeuber.xml,ja,,
DER ALTE MOOR,sagt auffahrend.,Franz! Franz! was sagst du?,schiller-die-raeuber.xml,ja,,
DER ALTE MOOR,sagt zärtlich.,Bis er anders worden.,schiller-die-raeuber.xml,ja,,
FRANZ,sagt schnell.,Dabei bleibts also?,schiller-die-raeuber.xml,ja,,
FRANZ,sagt mit Lachen ihm nachsehend.,"Tröste dich, Alter, du wirst ihn nimmer an diese Brust drücken, der Weg dazu ist ihm verrammelt wie der Himmel der Hölle – Er war aus deinen Armen gerissen, ehe",schiller-die-raeuber.xml,ja,,
KARL VON MOOR,sagt  legt das Buch weg,"Mir ekelt vor diesem tintenklecksenden Säkulum, wenn ich in meinem Plutarch lese von großen Menschen.",schiller-die-raeuber.xml,ja,,
SPIEGELBERG,sagt  stellt ihm ein Glas hin und trinkt,Den Josephus mußt du lesen.,schiller-die-raeuber.xml,ja,,
SPIEGELBERG,sagt  trinkt,"Lies den Josephus, ich bitte dich drum.",schiller-die-raeuber.xml,ja,,
SPIEGELBERG,sagt aufspringend.,"Bravo! Bravissimo! Du bringst mich eben recht auf das Chapitre. Ich will dir was ins Ohr sagen, Moor, das schon lang mit mir umgeht, und du bist der Mann dazu – sauf, Bruder, sauf – wie wärs, wenn wir Juden würden und das Königreich wieder aufs Tapet brächten?",schiller-die-raeuber.xml,ja,,
MOOR,sagt  lacht aus vollem Halse,"Ah! nun merk ich – nun merk ich – du willst die Vorhaut aus der Mode bringen, weil der Barbier die deinige schon hat?",schiller-die-raeuber.xml,ja,,
MOOR,sagt  nimmt ihn lächelnd bei der Hand,Kamerad! Mit den Narrenstreichen ists nun am Ende.,schiller-die-raeuber.xml,ja,,
SPIEGELBERG,sagt stutzig.,"Pfui, du wirst doch nicht gar den verlorenen Sohn spielen wollen! Ein Kerl wie du, der mit dem Degen mehr auf die Gesichter gekritzelt hat, als drei Substituten in einem Schaltjahr",schiller-die-raeuber.xml,ja,,
SPIEGELBERG,sagt  schüttelt den Kopf,"Nein! nein! nein! das kann nicht sein. Unmöglich, Bruder, das kann dein Ernst nicht sein. Sag, Brüderchen, ist es nicht die Not, die dich so stimmt? Komm, laß dir ein Stückchen aus meinen Bubenjahren erzählen. Da hatt ich neben meinem Haus einen Graben, der, wie wenig, seine acht Schuh breit war, wo wir Buben uns in die Wette bemühten hinüberzuspringen. Aber das war umsonst. Pflumpf! lagst du, und ward ein Gezisch und Gelächter über dir, und wurdest mit Schneeballen geschmissen über und über. Neben meinem Haus lag eines Jägers Hund an einer Kette, eine so bissige Bestie, die dir die Mädels wie der Blitz am Rockzipfel hatte, wenn sie sichs versahn und zu nah dran vorbeistrichen. Das war nun mein Seelengaudium, den Hund überall zu necken, wo ich nur konnte, und wollt halb krepieren vor Lachen, wenn mich dann das Luder so giftig anstierte und so gern auf mich losgerannt wär, wenns nur gekonnt hätte. – Was geschieht? Ein andermal mach ichs ihm auch wieder so und werf ihn mit einem Stein so derb an die Ripp, daß er vor Wut von der Kette reißt und auf mich dar, und ich wie alle Donnerwetter reißaus und davon – Tausend Schwerenot! Da ist dir just der vermaledeite Graben dazwischen. Was zu tun? Der Hund ist mir hart an den Fersen und wütig, also kurz resolviert – ein Anlauf genommen – drüben bin ich. Dem Sprung hatt ich Leib und Leben zu danken; die Bestie hätte mich zuschanden gerissen.",schiller-die-raeuber.xml,ja,,
MOOR,sagt ärgerlich.,"Ich wüßte nicht, wozu wir den Mut noch haben sollten und noch nicht gehabt hätten.",schiller-die-raeuber.xml,ja,,
MOOR,sagt zerstreut.,Wie? Du hast es wohl gar noch weiter gebracht?,schiller-die-raeuber.xml,ja,,
SPIEGELBERG,sagt hitziger.,"Spiegelberg, wird es heißen, kannst du hexen, Spiegelberg? Es ist schade, daß du kein General worden bist, Spiegelberg, wird der König sagen, du hättest die Östreicher durch ein Knopfloch gejagt. Ja, hör ich die Dokters jammern, es ist unverantwortlich, daß der Mann nicht die Medizin studiert hat, er hätte ein neues Kropfpulver erfunden. Ach! und daß er das Kamerale nicht zum Fach genommen hat, werden die Sullys in ihren Kabinetten seufzen, er hätte aus Steinen Louisdore hervorgezaubert. Und Spiegelberg wird es heißen in Osten und Westen, und in den Kot mit euch, ihr Memmen, ihr Kröten, indes Spiegelberg mit ausgespreiteten Flügeln zum Tempel des Nachruhms emporfliegt.",schiller-die-raeuber.xml,ja,,
MOOR.,"Schweizer, Grimm, Roller, Schufterle, Razmann treten auf.","Glück auf den Weg! Steig du auf Schandsäulen zum Gipfel des Ruhms. Im Schatten meiner väterlichen Haine, in den Armen meiner Amalia lockt mich ein edler Vergnügen. Schon die vorige Woche hab ich meinem Vater um Vergebung geschrieben, hab ihm nicht den kleinsten Umstand verschwiegen, und wo Aufrichtigkeit ist, ist auch Mitleid und Hilfe. Laß uns Abschied nehmen, Moritz. Wir sehen uns heut, und nie mehr. Die Post ist angelangt. Die Verzeihung meines Vaters ist schon innerhalb dieser Stadtmauren.",schiller-die-raeuber.xml,nein,,
MOOR.,Schwarz tritt auf.,"Ich zittre nicht. Warum sollt ich auch zittern? Kameraden! dieser Brief – freut euch mit mir! Ich bin der Glücklichste unter der Sonne, warum sollt ich zittern?",schiller-die-raeuber.xml,nein,,
MOOR,sagt  fliegt ihm entgegen,Bruder! Bruder! den Brief! den Brief!,schiller-die-raeuber.xml,ja,,
SCHWARZ,"sagt  gibt ihm den Brief, den er hastig aufbricht",Was ist dir? Wirst du nicht wie die Wand?,schiller-die-raeuber.xml,nein,,
GRIMM,sagt  schüttelt ihn,"Kerl! träumst du, oder –?",schiller-die-raeuber.xml,ja,,
SPIEGELBERG,"sagt  der sich die ganze Zeit über mit den Pantomimen eines Projektmachers im Stubeneck
  abgearbeitet hat, springt wild auf",La bourse,schiller-die-raeuber.xml,ja,,
ROLLER,sagt ihm nach.,"Moor! wo 'naus, Moor? was beginnst du?",schiller-die-raeuber.xml,ja,,
ROLLER,sagt  nimmt den Brief von der Erde und liest,"»Unglücklicher Bruder!« Der Anfang klingt lustig. »Nur kürzlich muß ich dir melden, daß deine Hoffnung vereitelt ist – du sollst hingehen, läßt dir der Vater sagen, wohin dich deine Schandtaten führen. Auch, sagt er, werdest du dir keine Hoffnung machen, jemals Gnade zu seinen Füßen zu erwimmern, wenn du nicht gewärtig sein wollest, im untersten Gewölb seiner Türme mit Wasser und Brot so lang traktiert zu werden, bis deine Haare wachsen wie Adlersfedern und deine Nägel wie Vogelsklauen werden. Das sind seine eigene Worte. Er befiehlt mir, den Brief zu schließen. Leb wohl auf ewig. Ich bedaure dich –",schiller-die-raeuber.xml,nein,,
SPIEGELBERG,sagt sachte herbeischleichend.,"Von Wasser und Brot ist die Rede? Ein schönes Leben! Da hab ich anders für euch gesorgt! Sagt ichs nicht, ich müßt am Ende für euch alle denken?",schiller-die-raeuber.xml,ja,,
SPIEGELBERG,sagt mit einem stolzen Gelächter.,"Armer Tropf! Aus dieser Lage reißen? hahaha! – aus dieser Lage reißen? – und auf mehr raffiniert dein Fingerhut voll Gehirn nicht? und damit trabt deine Mähre zum Stalle? Spiegelberg müßte ein Hundsfott sein, wenn er mit dem nur anfangen wollte. Zu Helden, sag ich dir, zu Freiherrn, zu Fürsten, zu Göttern wirds euch machen!",schiller-die-raeuber.xml,ja,,
SCHWEIZER,sagt  steht auf und gibt Spiegelberg die Hand,"Moritz, du bist ein großer Mann! – oder es hat ein blindes Schwein eine Eichel gefunden.",schiller-die-raeuber.xml,nein,,
SCHWEIZER,sagt  klopft ihn auf die Achsel,"Meisterlich, Spiegelberg! Meisterlich! Was zum Teufel, steht ihr da, und zaudert?",schiller-die-raeuber.xml,ja,,
SPIEGELBERG,sagt giftig.,"Was predigt der Zauderer? Stand nicht der Kopf schon, eh noch ein Glied sich regte? Folgt, Kameraden.",schiller-die-raeuber.xml,ja,,
SPIEGELBERG,sagt geschmeidig.,"Ja – haltet – Roller sagt recht. Und das muß ein erleuchteter Kopf sein. Versteht ihr? Ein feiner, politischer Kopf muß das sein! Ja! wenn ich mirs denke, was ihr vor einer Stunde waret, was ihr itzt seid, – durch",schiller-die-raeuber.xml,ja,,
SPIEGELBERG,sagt unwillig von ihm weg.,Stockfisch!,schiller-die-raeuber.xml,ja,,
MOOR,"sagt  tritt herein in wilder Bewegung und läuft heftig im Zimmer auf und nieder, mit
  sich selber","Menschen – Menschen! falsche, heuchlerische Krokodilbrut! Ihre Augen sind Wasser! Ihre Herzen sind Erzt! Küsse auf den Lippen! Schwerter im Busen! Löwen und Leoparden füttern ihre Jungen, Raben tischen ihren Kleinen auf dem Aas, und Er, Er – Bosheit hab ich dulden gelernt, kann dazu lächeln, wenn mein erboster Feind mir mein eigen Herzblut zutrinkt – aber wenn Blutliebe zur Verräterin, wenn Vaterliebe zur Megäre wird, o so fange Feuer, männliche Gelassenheit, verwilde zum Tiger, sanftmütiges Lamm, und jede Faser recke sich auf zu Grimm und Verderben.",schiller-die-raeuber.xml,nein,,
SPIEGELBERG,sagt  wirft sich wild in einen Sessel,Sklaven und Memmen!,schiller-die-raeuber.xml,ja,,
ALLE,sagen mit lärmendem Geschrei.,Es lebe der Hauptmann!,schiller-die-raeuber.xml,ja,,
SPIEGELBERG,"sagt aufspringend, vor sich.",Bis ich ihm hinhelfe!,schiller-die-raeuber.xml,ja,,
ALLE,sagen und geben ihm die Hand,Wir schwören dir Treu und Gehorsam bis in den Tod!,schiller-die-raeuber.xml,ja,,
MOOR.,Spiegelberg läuft wütend auf und nieder.,"Nun, und bei dieser männlichen Rechte! schwör ich euch hier, treu und standhaft euer Hauptmann zu bleiben bis in den Tod! Den soll dieser Arm gleich zur Leiche machen, der jemals zagt oder zweifelt oder zurücktritt! Ein Gleiches widerfahre mir von jedem unter euch, wenn ich meinen Schwur verletze! Seid ihrs zufrieden?",schiller-die-raeuber.xml,nein,,
ALLE,sagen mit aufgeworfenen Hüten.,Wir sinds zufrieden.,schiller-die-raeuber.xml,ja,,
SPIEGELBERG,"sagt ihnen nachsehend, nach einer Pause.",Dein Register hat ein Loch. Du hast das Gift weggelassen.,schiller-die-raeuber.xml,ja,,
AMALIA,sagt  bewegt,"Ja wahrhaftig, ich gesteh es. Euch Barbaren zum Trutz will ichs vor aller Welt gestehen – ich lieb ihn!",schiller-die-raeuber.xml,ja,,
AMALIA,sagt auffahrend.,"Was, mich vergessen?",schiller-die-raeuber.xml,ja,,
AMALIA,sagt aufgebracht.,Meinen Ring einer Metze?,schiller-die-raeuber.xml,ja,,
AMALIA,sagt heftig.,Aber,schiller-die-raeuber.xml,ja,,
AMALIA,sagt  schlägt ihn,Schamloser Lästerer!,schiller-die-raeuber.xml,ja,,
FRANZ.,Amalia wendet ihr Gesicht ab.,"Graut dir vor diesem Karl? Ekelt dir schon von dem matten Gemälde? Geh, gaff ihn selbst an, deinen schönen, englischen göttlichen Karl! Geh, sauge seinen balsamischen Atem ein und laß dich von den Ambrosiadüften begraben, die aus seinem Rachen dampfen! der bloße Hauch seines Mundes wird dich in jenen",schiller-die-raeuber.xml,nein,,
AMALIA,sagt froh aufspringend.,"Ha! Karl! nun erkenn ich dich wieder! du bist noch ganz! ganz! alles war Lüge! – Weißt du nicht, Bösewicht, daß Karl unmöglich das werden kann?",schiller-die-raeuber.xml,ja,,
FRANZ,sagt mit verhülltem Gesicht.,"Laß mich, laß mich! – meinen Tränen den Lauflassen – tyrannischer Vater! den besten deiner Söhne so hinzugeben dem Elend – der rings umgebenden Schande – laß mich, Amalia! ich will ihm zu Füßen fallen, auf den Knien will ich ihn beschwören, den ausgesprochenen Fluch auf mich, auf mich zu laden – mich zu enterben – mich – mein Blut – mein Leben – alles –",schiller-die-raeuber.xml,ja,,
AMALIA,sagt  fällt ihm um den Hals,"Bruder meines Karls, bester, liebster Franz!",schiller-die-raeuber.xml,ja,,
AMALIA,sagt  schüttelt den Kopf,"Nein, nein, bei jenem keuschen Lichte des Himmels! kein Äderchen von ihm, kein Fünkchen von seinem Gefühle –",schiller-die-raeuber.xml,ja,,
FRANZ.,Amalia sieht ihn verwundernd an.,"So ganz gleich in unsern Neigungen – die Rose war seine liebste Blume – welche Blume war mir über die Rose? Er liebte die Musik unaussprechlich, und ihr seid Zeugen, ihr Sterne! ihr habt mich so oft in der Totenstille der Nacht beim Klaviere belauscht, wenn alles um mich begraben lag in Schatten und Schlummer – und wie kannst du noch zweifeln, Amalia, wenn unsere Liebe in",schiller-die-raeuber.xml,nein,,
AMALIA,sagt zurückspringend.,"Verräter, wie ich dich ertappe! In eben dieser Laube beschwur er mich, keiner andern Liebe – wenn er sterben sollte – sieht du, wie gottlos, wie abscheulich du – geh aus meinen Augen!",schiller-die-raeuber.xml,ja,,
FRANZ,sagt mit den Füßen stampfend.,Wart! so sollst du vor mir zittern! Mich einem Bettler aufopfern?,schiller-die-raeuber.xml,ja,,
FRANZ VON MOOR,sagt nachdenkend in seinem Zimmer.,"Es dauert mir zu lange – der Doktor will, er sei im Umkehren – das Leben eines Alten ist doch eine Ewigkeit! – Und nun wär freie, ebene Bahn bis auf diesen ärgerlichen zähen Klumpen Fleisch, der mir, gleich dem unterirdischen Zauberhund in den Geistermärchen, den Weg zu meinen Schätzen verrammelt.",schiller-die-raeuber.xml,ja,,
FRANZ,sagt  gibt ihm die Hand,Die du keinem Undankbaren erweisest.,schiller-die-raeuber.xml,ja,,
HERMANN,sagt wild.,"Blitz, Donner und Hagel, seid still!",schiller-die-raeuber.xml,ja,,
HERMANN,sagt  stampft auf den Boden,Ich will ihn zu Staub zerreiben.,schiller-die-raeuber.xml,ja,,
FRANZ,sagt  klopft ihm auf die Achsel,"Pfui, Hermann, du bist ein Kavalier. Du mußt den Schimpf nicht auf dir sitzen lassen. Du mußt das Fräulein nicht fahren lassen, nein das mußt du um alle Welt nicht tun, Hermann! Hagel und Wetter! Ich würde das Äußerste versuchen, wenn ich an deiner Stelle wäre.",schiller-die-raeuber.xml,ja,,
HERMANN,sagt näher kommend.,"Unbegreiflich, das erste Wort, das ich höre.",schiller-die-raeuber.xml,ja,,
HERMANN,sagt in Hitze.,"Nein, so wahr ich Hermann heiße, das sollt Ihr nicht! wenn noch ein Fünkchen Verstand in diesem Gehirne glostet! das sollt Ihr nicht!",schiller-die-raeuber.xml,ja,,
FRANZ,sagt  streichelt ihm die Backen,"Wie schlau du bist! – denn siehst du, auf diese Art erreichen wir alle Zwecke zumal und bald. Amalia gibt ihre Hoffnung auf ihn auf. Der Alte mißt sich den Tod seines Sohnes bei, und – er kränkelt – ein schwankendes Gebäude braucht des Erdbebens nicht, um übern Haufen zu fallen – er wird die Nachricht nicht überleben – dann bin ich sein einiger Sohn – Amalia hat ihre Stützen verloren, und ist ein Spiel meines Willens, da kannst du leicht denken – kurz, alles geht nach Wunsch – aber du mußt dein Wort nicht zurücknehmen!",schiller-die-raeuber.xml,ja,,
FRANZ,sagt ihm nachrufend.,"Die Ernte ist dein, lieber Hermann! – Wenn der Ochse den Kornwagen in die Scheune gezogen hat, so muß er mit Heu vorlieb nehmen. Dir eine Stallmagd, und keine Amalia!",schiller-die-raeuber.xml,ja,,
AMALIA,sagt sachte herbeischleichend.,"Leise, leise! er schlummert.",schiller-die-raeuber.xml,ja,,
DER ALTE MOOR,sagt träumend.,Mein Sohn! mein Sohn! mein Sohn!,schiller-die-raeuber.xml,ja,,
AMALIA,sagt  ergreift seine Hand,"Horch, horch! sein Sohn ist in seinen Träumen.",schiller-die-raeuber.xml,ja,,
AMALIA,sagt  weckt ihn schnell,"Seht auf, lieber Greis! Ihr träumtet nur. Faßt Euch!",schiller-die-raeuber.xml,ja,,
DER ALTE MOOR,sagt halb wach.,Er war nicht da? drückt ich nicht seine Hände? Garstiger Franz! willst du ihn auch meinen Träumen entreißen?,schiller-die-raeuber.xml,ja,,
DER ALTE MOOR,sagt  ermuntert sich,"Wo ist er? wo? wo bin ich? du da, Amalia?",schiller-die-raeuber.xml,ja,,
AMALIA,sagt  küßt seine Hand mit Zärtlichkeit,Euch?,schiller-die-raeuber.xml,ja,,
AMALIA,sagt immer das Aug auf das Bild geheftet.,"Nein, nein! er ists nicht. Bei Gott! das ist Karl nicht – Hier, hier",schiller-die-raeuber.xml,ja,,
AMALIA,sagt schwärmend.,"Ja süß, himmlisch süß ists, eingewiegt zu werden in den Schlaf des Todes von dem Gesang des Geliebten – vielleicht träumt man auch im Grabe noch fort – ein langer, ewiger unendlicher Traum von Karln, bis man die Glocke der Auferstehung läutet –",schiller-die-raeuber.xml,ja,,
AMALIA.,Daniel.,Es ist der Abschied Andromachas und Hektors – Karl und ich habens oft zusammen zu der Laute gesungen.,schiller-die-raeuber.xml,nein,,
AMALIA,sagt  spielt fort,"Nimmer lausch ich deiner Waffen Schalle, Einsam liegt dein Eisen in der Halle, Priams großer Heldenstamm verdirbt! Du wirst hingehn, wo kein Tag mehr scheinet, Der Cocytus durch die Wüsten weinet, Deine Liebe in dem Lethe stirbt.",schiller-die-raeuber.xml,ja,,
HERMANN,sagt mit veränderter Stimme.,"Gnädiger Herr! laßt es einen armen Mann nicht entgelten, wenn er wider Willen Euer Herz durchbohrt. Ich bin ein Fremdling in diesem Lande, aber Euch kenne ich sehr gut, Ihr seid der Vater Karls von Moor.",schiller-die-raeuber.xml,ja,,
AMALIA,sagt auffahrend.,"Er lebt? lebt? Du kennst ihn? wo ist er? wo, wo?",schiller-die-raeuber.xml,ja,,
DER ALTE MOOR,sagt  verhüllt sein Haupt in das Kissen,"Stille, o stille!",schiller-die-raeuber.xml,ja,,
AMALIA,sagt in Entzückung.,"Hektor, Hektor! hört Ihrs? Er stand –",schiller-die-raeuber.xml,ja,,
FRANZ,sagt wild auf Hermann losgehend.,"Daß der Tod deine verfluchte Zunge versiegle! Bist du hieher kommen, unserem Vater den Todesstoß zu geben? – Vater! Amalia! Vater!",schiller-die-raeuber.xml,ja,,
AMALIA,sagt wie aus einem Todesschlummer aufgejagt.,"Sein letzter Seufzer, Amalia!",schiller-die-raeuber.xml,ja,,
DER ALTE MOOR,"sagt gräßlich schreiend, sich die Haare ausraufend.",Mein Fluch ihn gejagt in den Tod! gefallen in Verzweiflung!,schiller-die-raeuber.xml,ja,,
FRANZ,sagt umherirrend im Zimmer.,"Oh! was habt Ihr gemacht, Vater? Mein Karl, mein Bruder!",schiller-die-raeuber.xml,ja,,
FRANZ,sagt wie erstaunt.,"Mir? Amalias Porträt? Mir, Karl, Amalia? Mir?",schiller-die-raeuber.xml,ja,,
AMALIA,sagt heftig auf Hermann losgehend.,"Feiler, bestochener Betrüger!",schiller-die-raeuber.xml,ja,,
AMALIA,sagt  gibt ihm das Bild zurück,"Mein, mein! O Himmel und Erde!",schiller-die-raeuber.xml,ja,,
DER ALTE MOOR,"sagt schreiend, sein Gesicht zerfleischend.","Wehe, wehe! mein Fluch ihn gejagt in den Tod! gefallen in Verzweiflung!",schiller-die-raeuber.xml,ja,,
DER ALTE MOOR,sagt lallend.,"Mein Fluch ihn gejagt in den Tod, gefallen mein Sohn in Verzweiflung! –",schiller-die-raeuber.xml,ja,,
AMALIA,"sagt aufspringend, ihm nach.",Bleib! bleib! Was waren seine letzte Worte?,schiller-die-raeuber.xml,ja,,
HERMANN,sagt zurückrufend.,Sein letzter Seufzer war Amalia!,schiller-die-raeuber.xml,ja,,
FRANZ,sagt auf den Boden stampfend.,Verzweifelt! meine ganze Kunst erliegt an dem Starrkopf.,schiller-die-raeuber.xml,ja,,
DER ALTE MOOR,sagt  schlägt mit geballter Faust wider Brust und Stirn,"Er war ein Engel, war Kleinod des Himmels! Fluch, Fluch, Verderben, Fluch über mich selber! Ich bin der Vater, der seinen großen Sohn erschlug. Mich liebt' er bis in den Tod! mich zu rächen, rannte er in Kampf und Tod! Ungeheuer, Ungeheuer!",schiller-die-raeuber.xml,nein,,
DER ALTE MOOR.,Amalia mit verweinten Augen.,Tausend Flüche donnern dir nach! Du hast mir meinen Sohn aus den Armen gestohlen.,schiller-die-raeuber.xml,ja,,
AMALIA,sagt mit sanfterem Ton.,Ihr habt einen herrlichen Sohn verloren.,schiller-die-raeuber.xml,nein,,
AMALIA.,Franz tritt auf.,"Sterben ist Flug in seine Arme. Wohl Euch! Ihr seid zu beneiden. Warum sind diese Gebeine nicht mürb? warum diese Haare nicht grau? Wehe über die Kräfte der Jugend! Willkommen, du markloses Alter! näher gelegen dem Himmel und meinem Karl.",schiller-die-raeuber.xml,ja,,
AMALIA,sagt  liest,"»Da nahmen sie Josephs Rock, und schlachteten einen Ziegenbock, und tauchten den Rock in das Blut, und schickten den bunten Rock hin, und ließen ihn ihrem Vater bringen, und sagen: Diesen haben wir funden, siehe, obs deines Sohnes Rock sei oder nicht?",schiller-die-raeuber.xml,ja,,
DER ALTE MOOR,sagt  fällt aufs Kissen zurück,Ein reißend Tier hat Joseph zerrissen!,schiller-die-raeuber.xml,ja,,
AMALIA,sagt  liest weiter,"»Und Jakob zerriß seine Kleider, und legte einen Sack um seine Lenden, und trug Leide um seinen Sohn lange Zeit, und all sein Söhne und Töchter traten auf, daß sie ihn trösteten, aber er wollte sich nicht trösten lassen und sprach: Ich werde mit Leid hinunterfahren –«",schiller-die-raeuber.xml,ja,,
AMALIA,"sagt  hinzuspringend, läßt das Buch fallen",Hilf Himmel! Was ist das?,schiller-die-raeuber.xml,ja,,
AMALIA,sagt mit einem plötzlichen Schrei.,Tot! Alles tot!,schiller-die-raeuber.xml,ja,,
RAZMANN,sagt  lacht,Du bist eben noch immer der alte.,schiller-die-raeuber.xml,ja,,
RAZMANN,sagt auf den Boden stampfend.,Daß mich der Donner da weg hatte!,schiller-die-raeuber.xml,nein,,
RAZMANN.,Schwarz in vollem Lauf.,"Ich versteh, ich versteh.",schiller-die-raeuber.xml,ja,,
RAZMANN,sagt aufspringend.,Horch! ein Schuß.,schiller-die-raeuber.xml,ja,,
RAZMANN.,Hinter der Szene gesungen.,Wieder einer! der Hauptmann!,schiller-die-raeuber.xml,ja,,
SCHWEIZER. ROLLER,sagen hinter der Szene.,Holla ho! Holla ho!,schiller-die-raeuber.xml,ja,,
SCHWEIZER. ROLLER,sagen hinter der Szene.,Razmann! Schwarz! Spiegelberg! Razmann!,schiller-die-raeuber.xml,nein,,
RAZMANN.,"Räuber Moor zu Pferd, Schweizer, Roller, Grimm, Schufterle, Räubertrupp mit Kot
  und Staub bedeckt, treten auf.","Roller! Schweizer! Blitz, Donner, Hagel und Wetter!",schiller-die-raeuber.xml,ja,,
RÄUBER MOOR,sagt vom Pferd springend.,"Freiheit! Freiheit! – – du bist im Trocknen, Roller! – Führ meinen Rappen ab, Schweizer, und wasch ihn mit Wein.",schiller-die-raeuber.xml,ja,,
RAZMANN,sagt zu Roller.,Nun bei der Feueresse des Plutos! bist du vom Rad auferstanden?,schiller-die-raeuber.xml,ja,,
ROLLER,sagt in Atem.,"Ich bins. Leibhaftig. Ganz. Wo glaubst du, daß ich herkomme?",schiller-die-raeuber.xml,ja,,
ROLLER,sagt  stürzt eine Flasche Branntenwein hinunter,"Ah, das schmeckt, das brennt ein! – geradeswegs vom Galgen her! sag ich. Ihr steht da, und gafft, und könnts nicht träumen – ich war auch nur drei Schritte von der Sackermentsleiter, auf der ich in den Schoß Abrahams steigen sollte – so nah, so nah – war dir schon mit Haut und Haar auf die Anatomie verhandelt! hättest mein Leben um 'n Prise Schnupftabak haben können, dem Hauptmann dank ich Luft, Freiheit und Leben.",schiller-die-raeuber.xml,ja,,
SPIEGELBERG,sagt  lacht,Armer Schlucker! Nun ists ja verschwitzt.,schiller-die-raeuber.xml,ja,,
ROLLER,sagt  wirft sein Glas weg,"Nein, bei allen Schätzen des Mammons! ich möchte das nicht zum zweiten Mal erleben. Sterben ist etwas mehr als Harlekinssprung, und Todesangst ist ärger als Sterben.",schiller-die-raeuber.xml,ja,,
RÄUBER MOOR,sagt sehr ernst.,"Roller, du bist teuer bezahlt.",schiller-die-raeuber.xml,nein,,
MOOR.,"Moor allein, heftig auf und ab gehend.","Wirklich, Schufterle? – Und diese Flamme brenne in deinem Busen, bis die Ewigkeit grau wird! – Fort Ungeheuer! Laß dich nimmer unter meiner Bande sehen! Murrt ihr! – Überlegt ihr? – Wer überlegt, wann",schiller-die-raeuber.xml,ja,,
RÄUBER,sagt eilig.,"Sieh dich vor, Hauptmann! Es spukt! Ganze Haufen böhmischer Reuter schwadronieren im Holz herum – der höllische Blaustrumpf muß ihnen verträtscht haben –",schiller-die-raeuber.xml,nein,,
NEUE RÄUBER.,"Schweizer. Grimm. Roller. Schwarz. Schufterle. Spiegelberg. Razmann.
  Räubertrupp.","Weh, weh, weh! Wir sind gefangen, gerädert, wir sind gevierteilt! Viele tausend Husaren, Dragoner und Jäger sprengen um die Anhöhe, und halten die Luftlöcher besetzt.",schiller-die-raeuber.xml,ja,,
RAZMANN.,"Moor, langsam, vor sich.","Der Hauptmann, der Hauptmann!",schiller-die-raeuber.xml,ja,,
SCHWEIZER,sagt  springt auf,"Pulver genug, die Erde gegen den Mond zu sprengen!",schiller-die-raeuber.xml,nein,,
MOOR.,Pater tritt auf.,"Weg! Er dank es seiner Schande, sie hat ihn gerettet. Er soll nicht sterben, wenn ich und mein Schweizer sterben, und mein Roller. Laß ihn die Kleider ausziehen, so will ich sagen, er sei ein Reisender, und ich hab ihn bestohlen – Sei ruhig, Schweizer, ich schwöre darauf, er wird doch noch gehangen werden.",schiller-die-raeuber.xml,ja,,
PATER,"sagt  vor sich, stutzt","Ist das das Drachennest? – Mit eurer Erlaubnis, meine Herren! Ich bin ein Diener der Kirche, und draußen stehen siebenzehnhundert, die jedes Haar auf meinen Schläfen bewachen.",schiller-die-raeuber.xml,ja,,"""und"" falsch"
PATER,sagt im Eifer.,"Entsetzlicher Mensch! hebe dich weg von mir! Picht nicht das Blut des ermordeten Reichsgrafen an deinen verfluchten Fingern? Hast du nicht das Heiligtum des Herrn mit diebischen Händen durchbrochen, und mit einem Schelmengriff die geweihten Gefäße des Nachtmahls entwandt? Wie? hast du nicht Feuerbrände in unsere gottesfürchtige Stadt geworfen? und den Pulverturm über die Häupter guter Christen herabgestürzt?",schiller-die-raeuber.xml,ja,,
PATER,sagt vor sich.,"Ist der Kerl unsinnig? – Sorgt ihr etwa, daß dies eine Falle sei, euch lebendig zu fangen? – Leset selbst, hier ist der Generalpardon unterschrieben.",schiller-die-raeuber.xml,ja,,
PATER,sagt äußerst erstaunt.,"Ich werde unsinnig, ich laufe davon! Hat man je von so was gehört?",schiller-die-raeuber.xml,ja,,
ROLLER,sagt in wilder Bewegung.,Und wann die Hölle uns neunfach umzingelte!,schiller-die-raeuber.xml,ja,,
SCHWEIZER,sagt  zerreißt den Pardon und wirft die Stücke dem Pater ins Gesicht,"In unsern Kugeln Pardon! Fort, Kanaille! sag dem Senat, der dich gesandt hat, du träfst unter Moors Bande keinen einzigen Verräter an. – Rettet, rettet den Hauptmann!",schiller-die-raeuber.xml,ja,,
ALLE,sagen lärmen.,"Rettet, rettet, rettet den Hauptmann!",schiller-die-raeuber.xml,ja,,"""und"" fehlt"
MOOR,"sagt sich losreißend, freudig.",Itzt sind wir frei – Kameraden! Ich fühle eine Armee in meiner Faust – Tod oder Freiheit! Wenigstens sollen sie keinen lebendig haben!,schiller-die-raeuber.xml,ja,,
AMALIA,"sagt  im Garten, spielt auf der Laute","Schön wie Engel, voll Walhallas Wonne, Schön vor allen Jünglingen war er, Himmlisch mild sein Blick, wie Maiensonne, Rückgestrahlt vom blauen Spiegelmeer.",schiller-die-raeuber.xml,ja,,
AMALIA,sagt  gibt ihm eine Maulschelle,Nimm erst das zur Aussteuer hin.,schiller-die-raeuber.xml,ja,,
FRANZ,sagt aufgebracht.,"Ha! wie das zehnfach, und wieder zehnfach geahndet werden soll! – Nicht meine Gemahlin – die Ehre sollst du nicht haben – meine Mätresse sollst du werden, daß die ehrlichen Bauernweiber mit Fingern auf dich deuten, wenn du es wagst und über die Gasse gehst. Knirsche nur mit den Zähnen – speie Feuer und Mord aus den Augen – mich ergötzt der Grimm eines Weibes, macht dich nur schöner, begehrenswerter. Komm – dieses Sträuben wird meinen Triumph zieren und mir die Wollust in erzwungnen Umarmungen würzen – Komm mit in meine Kammer – ich glühe vor Sehnsucht – itzt gleich sollst du mit mir gehn.",schiller-die-raeuber.xml,ja,,
AMALIA,sagt  fällt ihm um den Hals,"Verzeih mir, Franz!",schiller-die-raeuber.xml,ja,,
HERMANN,sagt  der sie zurückhält,Nein! Bleibt! Bei Gott! Bei dem ewigen Gott! Ihr sollt alles wissen!,schiller-die-raeuber.xml,ja,,
AMALIA,sagt  kommt zurück und blickt ihn verwundernd an,Wie Freund? – wer im Himmel und auf Erden kann mir meine Ruhe wiedergeben?,schiller-die-raeuber.xml,ja,,
AMALIA,"sagt mit Mitleiden, seine Hand ergreifend.",Guter Mensch – Kann ein Wort von deinen Lippen die Riegel der Ewigkeit aufreißen?,schiller-die-raeuber.xml,ja,,
HERMANN,sagt  steht auf,Karl lebt noch!,schiller-die-raeuber.xml,ja,,
AMALIA,sagt schreiend.,Unglücklicher!,schiller-die-raeuber.xml,ja,,
AMALIA,sagt gegen ihn herstürzend.,Du lügst –,schiller-die-raeuber.xml,ja,,
MOOR,sagt in den Anblick verschwemmt.,So stirbt ein Held! – Anbetenswürdig.,schiller-die-raeuber.xml,ja,,
MOOR,sagt  drückt den Hut übers Gesicht,"Es war eine Zeit – Laßt mich allein, Kameraden.",schiller-die-raeuber.xml,ja,,
MOOR,sagt  legt sein Haupt auf Grimms Brust,Bruder! Bruder!,schiller-die-raeuber.xml,ja,,
MOOR,sagt zurückgesunken.,Und ich so häßlich auf dieser schönen Welt – und ich ein Ungeheuer auf dieser herrlichen Erde.,schiller-die-raeuber.xml,ja,,
SCHWARZ,sagt zu den übrigen.,Unbegreiflich! Ich hab ihn nie so gesehen.,schiller-die-raeuber.xml,ja,,
MOOR,sagt mit Wehmut.,"Daß ich wiederkehren dürfte in meiner Mutter Leib! daß ich ein Bettler geboren werden dürfte! – nein! ich wollte nicht mehr o Himmel – daß ich werden dürfte wie dieser Taglöhner einer! – O ich wollte mich abmüden, daß mir das Blut von den Schläfen rollte – mir die Wollust eines einzigen Mittagschlafs zu erkaufen – die Seligkeit einer einzigen Träne.",schiller-die-raeuber.xml,ja,,
GRIMM,sagt zu den andern.,Nur Geduld! der Paroxysmus ist schon im Fallen.,schiller-die-raeuber.xml,ja,,
MOOR.,Schweizer mit Wasser im Hut.,"Es war eine Zeit, wo sie mir so gern flossen – o ihr Tage des Friedens! Du Schloß meines Vaters – ihr grünen, schwärmerischen Täler! O all ihr Elysiumszenen meiner Kindheit! – Werdet ihr nimmer zurückkehren – nimmer mit köstlichen Säuseln meinen brennenden Busen kühlen? – Traure mit mir, Natur – Sie werden nimmer zurückkehren, nimmer mit köstlichen Säuseln meinen brennenden Busen kühlen. – Dahin! dahin! unwiederbringlich! –",schiller-die-raeuber.xml,nein,,
MOOR,sagt  gibt ihm den Hut zurück und wischt ihm sein Gesicht ab,"Sonst sieht man ja die Narben nicht, die die böhmischen Reuter in deine",schiller-die-raeuber.xml,ja,,
KOSINSKY,sagt vor sich.,"In dieser Revier herum, sagen sie, werd ich ihn antreffen – he, holla! was sind das für Gesichter? – Solltens –? wie, wenns diese – sie sinds, sinds! – ich will sie anreden.",schiller-die-raeuber.xml,ja,,
SCHWEIZER,sagt zum Hauptmann.,"Der Bursche gefällt mir. – Höre, guter Freund! Du hast deine Leute gefunden.",schiller-die-raeuber.xml,ja,,
SCHWEIZER,"sagt  gibt ihm die Hand, mit Wärme",Lieber Junge! wir duzen einander.,schiller-die-raeuber.xml,ja,,
MOOR,sagt näherkommend.,Kennen Sie auch den Hauptmann?,schiller-die-raeuber.xml,ja,,
SCHWEIZER,sagt mit einem Sprung.,Heisa! Heisa! So ist ja unser Roller zehnhundertfach vergütet! Ein ganzer Mordbruder für unsere Bande!,schiller-die-raeuber.xml,ja,,
SPIEGELBERG,sagt unwillig auf und ab gehend.,"Ei wie dumm! wie abscheulich, wie unverzeihlich dumm! das ist die Manier nicht! Ich habs anderst gemacht.",schiller-die-raeuber.xml,ja,,
KOSINSKY.,Moor steht schnell auf.,"Blut, Blut – höre nur weiter! Blut, sag ich dir, wird deine ganze Seele füllen. Sie war bürgerlicher Geburt, eine Deutsche – aber ihr Anblick schmelzte die Vorurteile des Adels hinweg. Mit der schüchternsten Bescheidenheit nahm sie den Trauring von",schiller-die-raeuber.xml,nein,,
SCHWEIZER,sagt  stampft auf den Boden,"Und er kriegte nichts, und du zogst leer ab?",schiller-die-raeuber.xml,ja,,
SCHWEIZER,"sagt aufstehend, seinen Degen wetzend.","Das ist Wasser auf unsere Mühle, Hauptmann! Da gibts was anzuzünden!",schiller-die-raeuber.xml,ja,,
MOOR,"sagt  der bisher in heftigen Bewegungen hin- und hergegangen, springt rasch auf, zu den
  Räubern","Ich muß sie sehen. – Auf! rafft zusammen – du bleibst, Kosinsky – packt eilig zusammen!",schiller-die-raeuber.xml,ja,,
MOOR,sagt  fällt ihm um den Hals,"Bruderherz! du folgst mir – sie weint, sie vertrauert ihr Leben. Auf! Hurtig! Alle! nach Franken! in acht Tagen müssen wir dort sein.",schiller-die-raeuber.xml,ja,,
MOOR,sagt in seinen Anblick versunken.,"Vater, Vater! vergib mir! – Ja ein vortrefflicher Mann! –",schiller-die-raeuber.xml,ja,,
MOOR.,Amalia schnell ab.,"Aber dies Bild rechter Hand? – du weinst, Amalia?",schiller-die-raeuber.xml,nein,,
FRANZ VON MOOR,sagt in tiefen Gedanken.,"Weg mit diesem Bild! weg, feige Memme! was zagst du und vor wem? ist mirs nicht die wenige",schiller-die-raeuber.xml,ja,,
FRANZ.,Daniel mit Wein.,"Nichts. Fort, fülle diesen Becher Wein, aber hurtig!",schiller-die-raeuber.xml,nein,,
FRANZ,sagt  greift ihn hart an,"Ich will dich würgen, daß du blau wirst, eisgrauer Lügner du! Nichts? Und was staket ihr denn so beisammen? Er und du und Amalia? Und was flüstertet ihr immer zusammen? Heraus damit! Was für Geheimnisse, was für Geheimnisse hat er dir anvertraut?",schiller-die-raeuber.xml,ja,,
FRANZ,sagt blaß.,"Hat er, hat er wirklich? Wie, so laß mich doch hören! Er sagte, er sei mein Bruder?",schiller-die-raeuber.xml,ja,,
DANIEL,sagt betroffen.,"Was, mein Gebieter? – Nein, das sagte er nicht. Aber wie ihn das Fräulein in der Galerie herumführte, ich putzte eben den Staub von den Rahmen der Gemälde ab, stand er bei dem Porträt des seligen Herrn plötzlich still, wie vom Donner gerührt. Das gnädige Fräulein deutete drauf hin, und sagte: Ein vortrefflicher Mann! Ja, ein vortrefflicher Mann, gab er zur Antwort, indem er sich die Augen wischte.",schiller-die-raeuber.xml,ja,,
DANIEL,sagt  schlägt die Hände zusammen,Barmherziger Himmel!,schiller-die-raeuber.xml,ja,,
FRANZ,sagt im Begriff zu gehen.,"Gut, du sollsts nötig haben.",schiller-die-raeuber.xml,ja,,
DANIEL,sagt nach einigem Nachdenken.,"Ich wills tun, morgen will ichs tun.",schiller-die-raeuber.xml,ja,,
MOOR,sagt hastig.,Wo ist das Fräulein?,schiller-die-raeuber.xml,ja,,
MOOR,"sagt  erschrickt, faßt sich, fremd","Freund, was sagst du? Ich verstehe dich nicht.",schiller-die-raeuber.xml,ja,,
MOOR,sagt  fällt ihm um den Hals,"Ja! Daniel, ich wills nicht mehr verhehlen! Ich bin dein Karl, dein verlorner Karl! Was macht meine Amalia?",schiller-die-raeuber.xml,ja,,
DANIEL,sagt  fängt an zu weinen,"Daß ich alter Sünder noch die Freude haben soll, – und der Herr selig weinete umsonst! – Abe, abe, weißer Schädel! mürbe Knochen, fahret in die Grube mit Freuden! Mein Herr und Meister lebt, ihn haben meine Augen gesehen!",schiller-die-raeuber.xml,ja,,
MOOR,sagt heftig.,Sie vergaß mich nicht?,schiller-die-raeuber.xml,ja,,
DANIEL,sagt leiser.,Und wenn man freilich so ungebeten aufersteht – Euer Bruder war des Herrn selig einziger Erbe –,schiller-die-raeuber.xml,ja,,
MOOR,sagt auffahrend aus schröcklichem Pausen.,"Betrogen, betrogen! da fährt es über meine Seele wie der Blitz!",schiller-die-raeuber.xml,ja,,
MOOR,sagt befehlend.,"Hurtig, hurtig! Zaudre nicht lang, laß alles da! und daß kein Aug dich gewahr wird.",schiller-die-raeuber.xml,ja,,
AMALIA,sagt  fährt zusammen,Horch! horch! Rauschte die Türe nicht?,schiller-die-raeuber.xml,ja,,
MOOR,sagt zurückfahrend.,Ha! – und verdient er diese Vergötterung? Verdient er? –,schiller-die-raeuber.xml,ja,,
AMALIA.,Moor sieht zur Erde.,"Oh Sie hätten ihn so lieb gehabt – es war so viel, so viel in seinem Angesicht – in seinen Augen – im Ton seiner Stimme, das Ihnen so gleich kommt – das ich so liebe –",schiller-die-raeuber.xml,nein,,
AMALIA,sagt blaß.,"Was? Sie lieben eine andre? – Weh mir, was hab ich gesagt?",schiller-die-raeuber.xml,ja,,
AMALIA,sagt froh aufhüpfend.,"Ha, wie bin ich ein glückliches Mädchen! Mein Einziger ist Nachstrahl der Gottheit, und die Gottheit ist Huld und Erbarmen! Nicht eine Fliege konnt er leiden sehen – Seine Seele ist so fern von einem blutigen Gedanken, als fern der Mittag von der Mitternacht ist.",schiller-die-raeuber.xml,ja,,
AMALIA,sagt  singt und spielt auf der Laute,"Willst dich, Hektor, ewig mir entreißen, Wo des Äaciden mordend Eisen Dem Patroklus schröcklich Opfer bringt? Wer wird künftig deinen Kleinen lehren, Speere werfen und die Götter ehren, Wenn hinunter dich der Xanthus schlingt?",schiller-die-raeuber.xml,ja,,
MOOR,sagt  nimmt die Laute stillschweigend und spielt,"Teures Weib, geh, hol die Todeslanze! – Laß – mich fort – zum wilden Kriegestanze –",schiller-die-raeuber.xml,ja,,
DIE RÄUBER,sagen und singen.,"Stehlen, morden, huren, balgen Heißt bei uns nur die Zeit zerstreun. Morgen hangen wir am Galgen, Drum laßt uns heute lustig sein.",schiller-die-raeuber.xml,ja,,"""und"" fehlte"
SPIEGELBERG,sagt  nimmt Razmann beiseite,Auf ein Wort Razmann.,schiller-die-raeuber.xml,ja,,
SCHWARZ,sagt zu Grimm.,Wollen wir nicht Spionen ausstellen?,schiller-die-raeuber.xml,ja,,
RAZMANN,sagt leise zu Spiegelberg.,Wo will das hinaus – rede deutscher!,schiller-die-raeuber.xml,ja,,
SCHWEIZER,sagt zu Grimm.,Was wohl dieser Windkopf hier an der Kunkel hat?,schiller-die-raeuber.xml,ja,,
RAZMANN,sagt leise zu Spiegelberg.,Du sprichst vom Hauptmann? –,schiller-die-raeuber.xml,ja,,
SCHWEIZER,sagt zu den andern.,"Ja – du bist mir der rechte Held, Frösche mit Steinen breit zu schmeißen – Schon der Klang seiner Nase, wenn er sich schneuzte, könnte dich durch ein Nadelöhr jagen –",schiller-die-raeuber.xml,ja,,
SPIEGELBERG,sagt zu Razmann.,"Ja – und Jahre schon dicht ich darauf: Es soll anders werden. Razmann – wenn du bist, wofür ich dich immer hielt – Razmann. – Man vermißt ihn – gibt ihn halb verloren – Razmann – mich deucht, seine schwarze Stunde schlägt – wie? Nicht einmal röter wirst du, da dir die Glocke zur Freiheit läutet? Hast nicht einmal so viel Mut, einen kühnen Wink zu verstehen?",schiller-die-raeuber.xml,ja,,
SCHWEIZER,sagt  zieht wütend sein Messer,"Ha, Bestie! Eben recht erinnerst du mich an die böhmischen Wälder! Warst du nicht die Memme, die anhub zu schnadern, als sie riefen:",schiller-die-raeuber.xml,ja,,
RÄUBER,sagt in Bewegung.,Mordjo! Mordjo! – Schweizer – Spiegelberg – Reißt sie auseinander –,schiller-die-raeuber.xml,ja,,
SCHWEIZER,sagt  wirft das Messer über ihn,"Da! – und so krepier du – Ruhig, Kameraden – laßt euch den Bettel nicht unterbrechen, – Die Bestie ist dem Hauptmann immer giftig gewesen, und hat keine Narbe auf ihrer ganzen Haut. – Noch einmal, gebt euch zufrieden – ha! über den Racker – von hintenher will er Männer zuschanden",schiller-die-raeuber.xml,ja,,
SCHWARZ,sagt aufspringend.,Horch! ein Pistolschuß!,schiller-die-raeuber.xml,ja,,
SCHWARZ.,"Moor, Kosinsky treten auf.","Er ists – ists! – Salvier dich, Schweizer – laßt uns ihm antworten.",schiller-die-raeuber.xml,nein,,
SCHWEIZER,sagt ihnen entgegen.,"Sei willkommen, mein Hauptmann – Ich bin ein bißchen vorlaut gewesen seit du weg bist.",schiller-die-raeuber.xml,ja,,
RÄUBER,sagt mit Bestürzung.,Was? den Hauptmann?,schiller-die-raeuber.xml,ja,,
MOOR,"sagt  in den Anblick versunken, bricht heftig aus","O unbegreiflicher Finger der rachekundigen Nemesis! – Wars nicht dieser, der mir das Sirenenlied trillerte? – Weihe dies Messer der dunklen Vergelterin! – das hast du nicht getan, Schweizer.",schiller-die-raeuber.xml,ja,,
MOOR,sagt nachdenkend.,Ich verstehe – Lenker im Himmel – ich verstehe – die Blätter fallen von den Bäumen – und mein Herbst ist kommen – Schafft mir diesen aus den Augen.,schiller-die-raeuber.xml,ja,,
RÄUBER.,Tiefe Stille.,"Gute Nacht, Hauptmann.",schiller-die-raeuber.xml,ja,,
MOOR,sagt  nimmt die Laute und spielt,Brutus,schiller-die-raeuber.xml,ja,,
MOOR,sagt sachte zurücktretend.,Was soll das bedeuten?,schiller-die-raeuber.xml,ja,,
EINE STIMME,sagt aus dem Schloß.,"Wer pocht da? He? Bist dus, Hermann mein Rabe?",schiller-die-raeuber.xml,ja,,
MOOR,sagt mit Entsetzen hervortretend.,Steh!,schiller-die-raeuber.xml,ja,,
HERMANN,sagt schreiend.,Oh mir!,schiller-die-raeuber.xml,ja,,
MOOR,sagt  indem er den Degen zieht,Was werd ich hören?,schiller-die-raeuber.xml,ja,,
DIE STIMME,sagt aus dem Schloß.,"Weh! Weh! Bist dus, Hermann, der da redet? Mit wem redst du, Hermann?",schiller-die-raeuber.xml,ja,,
MOOR,sagt  springt erschrocken zurück,Das ist,schiller-die-raeuber.xml,ja,,
MOOR,sagt heftig von ihm abgewandt.,Es ist offenbar!,schiller-die-raeuber.xml,ja,,
DIE RÄUBER,sagt aufgejagt.,"He, holla! holla! was gibts da?",schiller-die-raeuber.xml,ja,,
DIE RÄUBER,sagt  springen herbei und umringen den Alten,Dein Vater? dein Vater?,schiller-die-raeuber.xml,ja,,
SCHWEIZER,"sagt  tritt ehrerbietig näher, fällt vor ihm nieder",Vater meines Hauptmanns! Ich küsse dir die Füße! du hast über meinen Dolch zu befehlen.,schiller-die-raeuber.xml,ja,,
DANIEL.,"Wie er gehen will, kömmt Franz im Schlafrock hereingestürzt.","Lebe wohl, teures Mutterhaus – Hab so manch Guts und Liebs in dir genossen, da der Herr seliger noch lebete – Tränen auf deine Gebeine, du lange Verfaulter! Das verlangt er von einem alten Knecht – es war das Obdach der Waisen, und der Port der Verlassenen, und dieser Sohn hats gemacht zur Mördergrube – Lebe wohl du guter Boden! wie oft hat der alte Daniel dich abgefegt – Lebe wohl, du lieber Ofen, der alte Daniel nimmt schweren Abschied von dir – es war dir alles so vertraut worden – wird dir weh tun, alter Elieser – Aber Gott bewahre mich in Gnaden vor dem Trug und List des Argen – Leer kam ich hieher – leer zieh ich wieder hin – aber meine Seele ist gerettet.",schiller-die-raeuber.xml,nein,,
DANIEL,sagt ängstlich.,"Hilf, heilige Mutter Gottes! Seid Ihrs, gestrenger Herre, der so gräßlich durch die Gewölbe schreit, daß alle Schläfer auffahren?",schiller-die-raeuber.xml,ja,,
DANIEL,sagt  kommt mit dem Licht,Mein Gebieter –,schiller-die-raeuber.xml,ja,,
FRANZ,sagt verwirrt.,"Weg – weg! was rüttelst du mich so, scheußliches Totengeripp? – die Toten stehen noch nicht auf –",schiller-die-raeuber.xml,ja,,
FRANZ,sagt  richtet sich matt auf,"Wo bin ich? – du Daniel? was hab ich gesagt? merke nicht drauf! ich hab eine Lüge gesagt, es sei was es wolle – komm! hilf mir auf! – es ist nur ein Anstoß von Schwindel – weil ich – weil ich – nicht ausgeschlafen habe.",schiller-die-raeuber.xml,ja,,
DANIEL,sagt im Abgehn.,Gott sei Euch gnädig!,schiller-die-raeuber.xml,ja,,
FRANZ.,Pastor Moser tritt auf.,"Pöbelweisheit, Pöbelfurcht! – Es ist ja noch nicht ausgemacht, ob das Vergangene nicht vergangen ist, oder ein Auge findet über den Sternen – hum, hum! wer raunte mir das ein? Rächet denn droben über den Sternen einer? – Nein, nein! – Ja, ja! Fürchterlich zischelts um mich: Richtet droben einer über den Sternen! Entgegengehen dem Rächer über den Sternen diese Nacht noch! Nein! sag ich – Elender Schlupfwinkel, hinter den sich deine Feigheit verstecken will – öd, einsam, taub ists droben über den Sternen – wenns aber doch etwas mehr wäre? Nein, nein, es ist nicht! Ich befehle, es ist nicht! Wenns aber doch wäre? Weh dir, wenns nachgezählt worden wäre! wenns dir vorgezählt würde diese Nacht noch! – Warum schaudert mirs so durch die Knochen?",schiller-die-raeuber.xml,nein,,
FRANZ,sagt verwirrt.,Wenn mich im Tode ein Schauer anwandelt?,schiller-die-raeuber.xml,ja,,
FRANZ,sagt unruhig im Zimmer auf und ab gehend.,"Pfaffengewäsche, Pfaffengewäsche!",schiller-die-raeuber.xml,ja,,
FRANZ,sagt wild auf ihn losgehend.,"Daß dich der Donner stumm mache, Lügengeist du! Ich will dir die verfluchte Zunge aus dem Munde reißen!",schiller-die-raeuber.xml,ja,,
FRANZ,sagt  fällt in einen Stuhl,Zernichtung! Zernichtung!,schiller-die-raeuber.xml,ja,,
FRANZ,sagt aufgesprungen.,"Geh in tausend Grüfte, du Eule! wer hieß dich hieher kommen? Geh, sag ich, oder ich stoß dich durch und durch!",schiller-die-raeuber.xml,ja,,
BEDIENTER.,Daniel kommt ängstlich.,"Amalia ist entsprungen, der Graf ist plötzlich verschwunden.",schiller-die-raeuber.xml,nein,,
FRANZ,sagt  umarmt ihn ungestüm,"Verzeih, lieber, goldner Perlendaniel, verzeih – ich will dich kleiden von Fuß auf – so bet doch – ich will dich zum Hochzeiter machen – ich will – so bet doch – ich beschwöre dich – auf den Knien beschwör ich dich – ins T-ls Namen! so bet doch!",schiller-die-raeuber.xml,ja,,
SCHWEIZER,sagt auf der Gasse.,Stürmt! Schlagt tot! Brecht ein! Ich sehe Licht! dort muß er sein.,schiller-die-raeuber.xml,ja,,
FRANZ,sagt auf den Knien.,"Höre mich beten, Gott im Himmel! – Es ist das erste Mal – soll auch gewiß nimmer geschehen – erhöre mich, Gott im Himmel!",schiller-die-raeuber.xml,ja,,
SCHWEIZER,sagt immer auf der Gasse.,"Schlag sie zurück, Kamerad – der Teufel ists und will euren Herrn holen – wo ist der Schwarz mit seinen Haufen? – Postier dich ums Schloß, Grimm – Lauf Sturm wider die Ringmauer!",schiller-die-raeuber.xml,ja,,
FRANZ,sagt  betet,"Ich bin kein gemeiner Mörder gewesen, mein Herrgott – hab mich nie mit Kleinigkeiten abgegeben, mein Herrgott –",schiller-die-raeuber.xml,ja,,
FRANZ,"sagt ihm graß nachstierend, nach einer Pause.","In die Hölle, wolltest du sagen? – Wirklich! ich wittere so etwas –",schiller-die-raeuber.xml,ja,,
GRIMM,sagt  stößt an die Leiche,"Halt, was liegt hier im Weg? Zündet hieher –",schiller-die-raeuber.xml,ja,,
SCHWEIZER,sagt  tritt von ihm weg,Ja! Er freut sich nicht – Er ist maustot – Gehet zurück und saget meinem Hauptmann: Er ist maustot – mich sieht er nicht wieder.,schiller-die-raeuber.xml,ja,,
DER ALTE MOOR,sagt in Tränen ausbrechend.,O mein Kind!,schiller-die-raeuber.xml,ja,,
RÄUBER MOOR,sagt erschrocken.,Welches?,schiller-die-raeuber.xml,ja,,
RÄUBER MOOR,sagt schnell.,Er vergibt Euch.,schiller-die-raeuber.xml,ja,,
RÄUBER MOOR,sagt sehr gerührt.,Er war Euch lieb Euer andrer Sohn?,schiller-die-raeuber.xml,ja,,
RÄUBER MOOR,sagt  geht weit von ihm weg,Ewig verloren!,schiller-die-raeuber.xml,ja,,
DER ALTE MOOR.,Räuber Moor reicht ihm die Hand mit abgewandtem Gesicht.,"Oh ich fühl es tief, was mir Amalia sagte, der Geist der Rache sprach aus ihrem Munde: Vergebens ausstrecken deine sterbenden Hände wirst du nach einem Sohn, vergebens wähnen zu umfassen die warme Hand deines Karls, der nimmermehr an deinem Bette steht –",schiller-die-raeuber.xml,nein,,
RÄUBER MOOR,sagt in der heftigsten Bewegung.,Itzt muß es sein – itzt verlaßt mich,schiller-die-raeuber.xml,ja,,
RÄUBER MOOR,sagt in der fürchterlichsten Beklemmung gen Himmel sehend.,O nur diesmal – Laß meine Seele nicht matt werden – nur diesmal halte mich aufrecht.,schiller-die-raeuber.xml,ja,,
RÄUBER MOOR,sagt  stürzt vor ihm nieder,Ich zerbrach die Riegel deines Turms – Gib mir deinen Segen!,schiller-die-raeuber.xml,ja,,
DER ALTE MOOR,sagt mit Schmerz.,"Daß du den Sohn vertilgen mußtest, Retter des Vaters! – Siehe die Gottheit ermüdet nicht im Erbarmen, und wir armseligen Würmer gehen schlafen mit unserm Groll.",schiller-die-raeuber.xml,ja,,
RÄUBER MOOR,"sagt weichmütig, aufstehend.","O – wo ist meine Mannheit? Meine Sehnen werden schlapp, der Dolch sinkt aus meinen Händen.",schiller-die-raeuber.xml,ja,,
DER ALTE MOOR,sagt  küßt ihn,"Denk es sei Vaterskuß, so will ich denken, ich küsse meinen Sohn – Du kannst auch weinen?",schiller-die-raeuber.xml,ja,,
GRIMM,sagt mit gesenktem Ton.,Mein Hauptmann.,schiller-die-raeuber.xml,ja,,
RÄUBER MOOR,sagt ohne nach ihnen hinzuschaun.,Wer seid ihr?,schiller-die-raeuber.xml,ja,,
RÄUBER MOOR,sagt aufspringend.,So habt ihr ihn nicht gefunden?,schiller-die-raeuber.xml,ja,,
RÄUBER MOOR,sagt froh emporhüpfend.,"Habe Dank, Lenker der Dinge – Umarmet mich, meine Kinder – Erbarmung sei von nun an die Losung – Nun wär auch das überstanden – Alles überstanden.",schiller-die-raeuber.xml,ja,,
AMALIA,sagt mit fliegenden Haaren.,"Die Toten, schreien sie, seien erstanden auf seine Stimme – mein Oheim lebendig – in diesem Wald – wo ist er? Karl! Oheim! – Ha!",schiller-die-raeuber.xml,ja,,
RÄUBER MOOR,sagt zurückspringend.,Wer bringt dies Bild vor meine Augen?,schiller-die-raeuber.xml,ja,,
AMALIA,"sagt  entspringt dem Alten und springt auf den Räuber zu und umschlingt ihn
  entzückt","Ich hab ihn, o ihr Sterne! Ich hab ihn! –",schiller-die-raeuber.xml,ja,,
RÄUBER MOOR,"sagt sich losreißend, zu den Räubern.","Brecht auf, ihr! Der Erzfeind hat mich verraten!",schiller-die-raeuber.xml,ja,,
DER ALTE MOOR,sagt sich aufraffend.,Bräutigam? Tochter! Tochter! Ein Bräutigam?,schiller-die-raeuber.xml,ja,,
RÄUBER MOOR.,"Der alte Moor gibt seinen Geist auf. Amalia steht stumm und starr wie eine
  Bildsäule. Die ganze Bande in fürchterlicher Pause.","Zu spät! Vergebens! Dein Fluch, Vater, – frage mich nichts mehr! – ich bin, ich habe – dein Fluch – dein vermeinter Fluch! – Wer hat mich hergelockt?",schiller-die-raeuber.xml,nein,,
RÄUBER MOOR,sagt wider eine Eiche rennend.,"Die Seelen derer, die ich erdrosselte im Taumel der Liebe – derer, die ich zerschmetterte im heiligen Schlaf, derer – hahaha! hört ihr den Pulverturm knallen über der Kreißenden Stühlen? Seht ihr die Flammen schlagen an den Wiegen der Säuglinge? das ist Brautfackel, das ist Hochzeitmusik – oh, er vergißt nicht, er weiß zu knüpfen – darum von mir die Wonne der Liebe! darum mir zur Folter die Liebe! Das ist Vergeltung!",schiller-die-raeuber.xml,ja,,
AMALIA,sagt  fällt ihm in die Arme,Mörder! Teufel! Ich kann dich Engel nicht lassen.,schiller-die-raeuber.xml,ja,,
MOOR,sagt  schleudert sie von sich,"Fort, falsche Schlange, du willst einen Rasenden höhnen, aber ich poche dem Tyrannen Verhängnis – was, du weinest? Oh ihr losen boshaften Gestirne! Sie tut, als ob sie weine, als ob um mich eine Seele weine!",schiller-die-raeuber.xml,ja,,
MOOR,"sagt aufblühend, in ekstatischer Wonne.","Sie vergibt mir, sie liebt mich! Rein bin ich wie der Äther des Himmels, sie liebt mich. Weinenden Dank dir, Erbarmer im Himmel!",schiller-die-raeuber.xml,ja,,
EIN RÄUBER,sagt grimmig hervortretend.,"Halt ein, Verräter! – Gleich laß diesen Arm fahren – oder ich will dir ein Wort sagen, daß dir die Ohren gellen, und deine Zähne vor Entsetzen klappern!",schiller-die-raeuber.xml,ja,,
DIE RÄUBER,"sagt  durcheinander, reißen ihre Kleider auf","Schau her, schau! Kennst du diese Narben? du bist unser! Mit unserem Herzblut haben wir dich zum Leibeigenen angekauft, unser bist du, und wenn der Erzengel Michael mit dem Moloch ins Handgemeng kommen sollte! – Marsch mit uns,",schiller-die-raeuber.xml,ja,,
RÄUBER MOOR,sagt  läßt ihre Hand fahren,"Es ist aus! – Ich wollte umkehren und zu meinem Vater gehn, aber der im Himmel sprach, es soll nicht sein.",schiller-die-raeuber.xml,ja,,
AMALIA,sagt  reißt ihn zurück,"Halt, halt! Einen Stoß! Einen Todesstoß! Neu verlassen! Zeuch dein Schwert, und erbarme dich!",schiller-die-raeuber.xml,ja,,
AMALIA,sagt seine Knie umfassend.,"Oh um Gottes willen, um aller Erbarmungen willen! Ich will ja nicht Liebe mehr, weiß ja wohl, daß droben unsere Sterne feindlich voneinander fliehen, – Tod ist meine Bitte nur. – Verlassen, verlassen! Nimm es ganz in seiner entsetzlichen Fülle, verlassen! Ich kanns nicht überdulden. Du siehst ja, das kann kein Weib überdulden. Tod ist meine Bitte nur! Sieh, meine Hand zittert! Ich habe das Herz nicht zu stoßen. Mir bangt vor der blitzenden Schneide – dir ists ja so leicht, so leicht, bist ja Meister im Morden, zeuch dein Schwert, und ich bin glücklich!",schiller-die-raeuber.xml,ja,,
MOOR,sagt auf den Leichnam mit starrem Blick.,"Sie ist getroffen! Dies Zucken noch, und dann wirds vorbei sein – Nun, seht doch! Habt ihr noch was zu fordern? Ihr opfertet mir ein Leben auf, ein Leben, das schon nicht mehr euer war, ein Leben voll Abscheulichkeit und Schande – ich hab euch einen Engel geschlachtet. Wie, seht doch recht her! Seid ihr nunmehr zufrieden?",schiller-die-raeuber.xml,ja,,